{
  "optimization_timestamp": "2026-01-08T03:16:06.116413",
  "optimization_target": "balanced",
  "thresholds": {
    "DDoS": {
      "threshold": 0.028894472361809045,
      "precision": 0.910236763466401,
      "recall": 0.9955583490467211,
      "f1_score": 0.9509876518502212,
      "fpr": 0.08969451037439706
    },
    "PortScan": {
      "threshold": 0.6996482412060301,
      "precision": 0.12667834208990075,
      "recall": 0.9273504273504274,
      "f1_score": 0.2229070364663585,
      "fpr": 0.030071560665755406
    },
    "WebAttacks": {
      "threshold": 0.6713065326633165,
      "precision": 0.24171993027309704,
      "recall": 0.7689463955637708,
      "f1_score": 0.367816091954023,
      "fpr": 0.053419022083955874
    },
    "Global": {
      "threshold": 0.4666164154103852,
      "precision": 0.0,
      "recall": 0.0,
      "f1_score": 0.0,
      "fpr": 0.0
    }
  }
}