{
  "optimization_timestamp": "2026-01-08T01:59:23.375566",
  "optimization_target": "balanced",
  "thresholds": {
    "DDoS": {
      "threshold": 0.03361809045226131,
      "precision": 0.9117355222803536,
      "recall": 0.8470563586842657,
      "f1_score": 0.8782066598605469,
      "fpr": 0.07491769389786387
    },
    "PortScan": {
      "threshold": 0.6996482412060301,
      "precision": 0.2258748674443266,
      "recall": 0.9102564102564102,
      "f1_score": 0.3619371282922685,
      "fpr": 0.014673956741979577
    },
    "WebAttacks": {
      "threshold": 0.07613065326633164,
      "precision": 0.26033646991730824,
      "recall": 0.8438077634011091,
      "f1_score": 0.3979080409675311,
      "fpr": 0.05309154915164044
    },
    "Global": {
      "threshold": 0.2697989949748743,
      "precision": 0.0,
      "recall": 0.0,
      "f1_score": 0.0,
      "fpr": 0.0
    }
  }
}